leetcodeId,旧库题名,当前库题名,关系,迁移状态,当前标准路径,建议目标路径,迁移动作,优先级,旧库文件数,说明
1,两数之和,两数之和,重叠,无需迁移,题目/数组与哈希/1-Two-Sum.md,题目/数组与哈希/1-Two-Sum.md,仅作素材,P3-素材,1,当前库已含标准题解；旧文档只保留推导、错因和表达素材。
2,两数相加,两数相加,重叠,无需迁移,题目/链表/2-Add-Two-Numbers.md,题目/链表/2-Add-Two-Numbers.md,仅作素材,P3-素材,1,当前库已含标准题解；旧文档只保留推导、错因和表达素材。
3,无重复字符的最长子串,无重复字符的最长子串,重叠,无需迁移,题目/滑动窗口/3-Longest-Substring-Without-Repeating-Characters.md,题目/滑动窗口/3-Longest-Substring-Without-Repeating-Characters.md,仅作素材,P3-素材,3,当前库已含标准题解；旧文档只保留推导、错因和表达素材。
4,寻找两个正序数组的中位数,寻找两个正序数组的中位数,重叠,无需迁移,题目/二分查找/4-Median-of-Two-Sorted-Arrays.md,题目/二分查找/4-Median-of-Two-Sorted-Arrays.md,仅作素材,P3-素材,1,当前库已含标准题解；旧文档只保留推导、错因和表达素材。
5,最长回文子串,最长回文子串,重叠,无需迁移,题目/字符串/5-Longest-Palindromic-Substring.md,题目/字符串/5-Longest-Palindromic-Substring.md,仅作素材,P3-素材,3,当前库已含标准题解；旧文档只保留推导、错因和表达素材。
7,,整数反转,仅当前库,无需迁移,题目/数学/7-Reverse-Integer.md,题目/数学/7-Reverse-Integer.md,当前库已有,P3-素材,0,当前库新增题，旧库没有对应来源。
9,,回文数,仅当前库,无需迁移,题目/数学/9-Palindrome-Number.md,题目/数学/9-Palindrome-Number.md,当前库已有,P3-素材,0,当前库新增题，旧库没有对应来源。
10,正则表达式匹配,,仅旧库,待迁移,,题目/<主题型>/10-<English-Title>.md,改写后迁移,P0-优先重建,3,基础缺口，建议优先按 schema v3 重建。
11,盛最多水的容器,盛最多水的容器,重叠,无需迁移,题目/双指针/11-Container-With-Most-Water.md,题目/双指针/11-Container-With-Most-Water.md,仅作素材,P3-素材,1,当前库已含标准题解；旧文档只保留推导、错因和表达素材。
14,,最长公共前缀,仅当前库,无需迁移,题目/字符串/14-Longest-Common-Prefix.md,题目/字符串/14-Longest-Common-Prefix.md,当前库已有,P3-素材,0,当前库新增题，旧库没有对应来源。
15,三数之和,三数之和,重叠,无需迁移,题目/双指针/15-Three-Sum.md,题目/双指针/15-Three-Sum.md,仅作素材,P3-素材,1,当前库已含标准题解；旧文档只保留推导、错因和表达素材。
17,电话号码的字母组合,,仅旧库,待迁移,,题目/<主题型>/17-<English-Title>.md,改写后迁移,P0-优先重建,5,基础缺口，建议优先按 schema v3 重建。
19,删除链表的倒数第N个结点,,仅旧库,待迁移,,题目/<主题型>/19-<English-Title>.md,改写后迁移,P0-优先重建,1,基础缺口，建议优先按 schema v3 重建。
20,有效的括号,有效的括号,重叠,无需迁移,题目/栈/20-Valid-Parentheses.md,题目/栈/20-Valid-Parentheses.md,仅作素材,P3-素材,3,当前库已含标准题解；旧文档只保留推导、错因和表达素材。
21,合并两个有序链表,合并两个有序链表,重叠,无需迁移,题目/链表/21-Merge-Two-Sorted-Lists.md,题目/链表/21-Merge-Two-Sorted-Lists.md,仅作素材,P3-素材,1,当前库已含标准题解；旧文档只保留推导、错因和表达素材。
22,括号生成,,仅旧库,待迁移,,题目/<主题型>/22-<English-Title>.md,改写后迁移,P0-优先重建,5,基础缺口，建议优先按 schema v3 重建。
23,合并K个升序链表,合并 K 个升序链表,重叠,无需迁移,题目/堆与选择/23-Merge-k-Sorted-Lists.md,题目/堆与选择/23-Merge-k-Sorted-Lists.md,仅作素材,P3-素材,1,当前库已含标准题解；旧文档只保留推导、错因和表达素材。
31,下一个排列,,仅旧库,待迁移,,题目/<主题型>/31-<English-Title>.md,改写后迁移,P0-优先重建,5,基础缺口，建议优先按 schema v3 重建。
32,最长有效括号,最长有效括号,重叠,首批已完成,题目/栈/32-Longest-Valid-Parentheses.md,题目/栈/32-Longest-Valid-Parentheses.md,已完成融合,P0-已完成,6,2026-10-04 已按 schema v3 从旧库素材重建，并加入当前 66 题主库；旧资料继续作为推导、错因和表达素材。
33,搜索旋转排序数组,搜索旋转排序数组,重叠,无需迁移,题目/二分查找/33-Search-in-Rotated-Sorted-Array.md,题目/二分查找/33-Search-in-Rotated-Sorted-Array.md,仅作素材,P3-素材,1,当前库已含标准题解；旧文档只保留推导、错因和表达素材。
34,在排序数组中查找元素的第一个和最后一个位置,在排序数组中查找元素的第一个和最后一个位置,重叠,无需迁移,题目/二分查找/34-Find-First-and-Last-Position-of-Element-in-Sorted-Array.md,题目/二分查找/34-Find-First-and-Last-Position-of-Element-in-Sorted-Array.md,仅作素材,P3-素材,1,当前库已含标准题解；旧文档只保留推导、错因和表达素材。
39,组合总和,,仅旧库,待迁移,,题目/<主题型>/39-<English-Title>.md,改写后迁移,P0-优先重建,5,基础缺口，建议优先按 schema v3 重建。
42,接雨水,接雨水,重叠,无需迁移,题目/双指针/42-Trapping-Rain-Water.md,题目/双指针/42-Trapping-Rain-Water.md,仅作素材,P3-素材,5,当前库已含标准题解；旧文档只保留推导、错因和表达素材。
45,,跳跃游戏 II,仅当前库,无需迁移,题目/贪心/45-Jump-Game-II.md,题目/贪心/45-Jump-Game-II.md,当前库已有,P3-素材,0,当前库新增题，旧库没有对应来源。
46,全排列,全排列,重叠,无需迁移,题目/回溯/46-Permutations.md,题目/回溯/46-Permutations.md,仅作素材,P3-素材,5,当前库已含标准题解；旧文档只保留推导、错因和表达素材。
48,旋转图像,旋转图像,重叠,无需迁移,题目/矩阵与模拟/48-Rotate-Image.md,题目/矩阵与模拟/48-Rotate-Image.md,仅作素材,P3-素材,1,当前库已含标准题解；旧文档只保留推导、错因和表达素材。
49,字母异位词分组,字母异位词分组,重叠,无需迁移,题目/数组与哈希/49-Group-Anagrams.md,题目/数组与哈希/49-Group-Anagrams.md,仅作素材,P3-素材,3,当前库已含标准题解；旧文档只保留推导、错因和表达素材。
53,最大子数组和,最大子数组和,重叠,无需迁移,题目/动态规划/53-Maximum-Subarray.md,题目/动态规划/53-Maximum-Subarray.md,仅作素材,P3-素材,3,当前库已含标准题解；旧文档只保留推导、错因和表达素材。
54,,螺旋矩阵,仅当前库,无需迁移,题目/矩阵与模拟/54-Spiral-Matrix.md,题目/矩阵与模拟/54-Spiral-Matrix.md,当前库已有,P3-素材,0,当前库新增题，旧库没有对应来源。
55,跳跃游戏,跳跃游戏,重叠,无需迁移,题目/贪心/55-Jump-Game.md,题目/贪心/55-Jump-Game.md,仅作素材,P3-素材,1,当前库已含标准题解；旧文档只保留推导、错因和表达素材。
56,合并区间,合并区间,重叠,无需迁移,题目/排序/56-Merge-Intervals.md,题目/排序/56-Merge-Intervals.md,仅作素材,P3-素材,1,当前库已含标准题解；旧文档只保留推导、错因和表达素材。
62,不同路径,不同路径,重叠,无需迁移,题目/动态规划/62-Unique-Paths.md,题目/动态规划/62-Unique-Paths.md,仅作素材,P3-素材,3,当前库已含标准题解；旧文档只保留推导、错因和表达素材。
64,最小路径和,,仅旧库,待迁移,,题目/<主题型>/64-<English-Title>.md,改写后迁移,P0-优先重建,3,基础缺口，建议优先按 schema v3 重建。
70,爬楼梯,爬楼梯,重叠,无需迁移,题目/动态规划/70-Climbing-Stairs.md,题目/动态规划/70-Climbing-Stairs.md,仅作素材,P3-素材,3,当前库已含标准题解；旧文档只保留推导、错因和表达素材。
72,编辑距离,编辑距离,重叠,无需迁移,题目/动态规划/72-Edit-Distance.md,题目/动态规划/72-Edit-Distance.md,仅作素材,P3-素材,3,当前库已含标准题解；旧文档只保留推导、错因和表达素材。
75,颜色分类,颜色分类,重叠,无需迁移,题目/排序/75-Sort-Colors.md,题目/排序/75-Sort-Colors.md,仅作素材,P3-素材,1,当前库已含标准题解；旧文档只保留推导、错因和表达素材。
76,最小覆盖子串,最小覆盖子串,重叠,无需迁移,题目/滑动窗口/76-Minimum-Window-Substring.md,题目/滑动窗口/76-Minimum-Window-Substring.md,仅作素材,P3-素材,3,当前库已含标准题解；旧文档只保留推导、错因和表达素材。
78,子集,子集,重叠,无需迁移,题目/回溯/78-Subsets.md,题目/回溯/78-Subsets.md,仅作素材,P3-素材,3,当前库已含标准题解；旧文档只保留推导、错因和表达素材。
79,单词搜索,单词搜索,重叠,无需迁移,题目/回溯/79-Word-Search.md,题目/回溯/79-Word-Search.md,仅作素材,P3-素材,5,当前库已含标准题解；旧文档只保留推导、错因和表达素材。
84,柱状图中最大的矩形,柱状图中最大的矩形,重叠,无需迁移,题目/单调栈/84-Largest-Rectangle-in-Histogram.md,题目/单调栈/84-Largest-Rectangle-in-Histogram.md,仅作素材,P3-素材,4,当前库已含标准题解；旧文档只保留推导、错因和表达素材。
85,最大矩形,,仅旧库,待迁移,,题目/<主题型>/85-<English-Title>.md,改写后迁移,P0-优先重建,10,基础缺口，建议优先按 schema v3 重建。
94,二叉树的中序遍历,二叉树的中序遍历,重叠,无需迁移,题目/二叉树/94-Binary-Tree-Inorder-Traversal.md,题目/二叉树/94-Binary-Tree-Inorder-Traversal.md,仅作素材,P3-素材,2,当前库已含标准题解；旧文档只保留推导、错因和表达素材。
96,不同的二叉搜索树解题思路,,仅旧库,待迁移,,题目/<主题型>/96-<English-Title>.md,改写后迁移,P0-优先重建,2,基础缺口，建议优先按 schema v3 重建。
98,验证二叉搜索树,验证二叉搜索树,重叠,无需迁移,题目/二叉树/98-Validate-Binary-Search-Tree.md,题目/二叉树/98-Validate-Binary-Search-Tree.md,仅作素材,P3-素材,1,当前库已含标准题解；旧文档只保留推导、错因和表达素材。
101,对称二叉树,对称二叉树,重叠,无需迁移,题目/二叉树/101-Symmetric-Tree.md,题目/二叉树/101-Symmetric-Tree.md,仅作素材,P3-素材,1,当前库已含标准题解；旧文档只保留推导、错因和表达素材。
102,二叉树的层序遍历,二叉树的层序遍历,重叠,无需迁移,题目/二叉树/102-Binary-Tree-Level-Order-Traversal.md,题目/二叉树/102-Binary-Tree-Level-Order-Traversal.md,仅作素材,P3-素材,1,当前库已含标准题解；旧文档只保留推导、错因和表达素材。
104,二叉树的最大深度,,仅旧库,待迁移,,题目/<主题型>/104-<English-Title>.md,改写后迁移,P0-优先重建,1,基础缺口，建议优先按 schema v3 重建。
105,从前序与中序遍历序列构造二叉树,,仅旧库,待迁移,,题目/<主题型>/105-<English-Title>.md,改写后迁移,P0-优先重建,1,基础缺口，建议优先按 schema v3 重建。
114,二叉树展开为链表,,仅旧库,待迁移,,题目/<主题型>/114-<English-Title>.md,改写后迁移,P0-优先重建,1,基础缺口，建议优先按 schema v3 重建。
121,买卖股票的最佳时机,,仅旧库,待迁移,,题目/<主题型>/121-<English-Title>.md,改写后迁移,P0-优先重建,1,基础缺口，建议优先按 schema v3 重建。
124,二叉树中的最大路径和,二叉树中的最大路径和,重叠,无需迁移,题目/二叉树/124-Binary-Tree-Maximum-Path-Sum.md,题目/二叉树/124-Binary-Tree-Maximum-Path-Sum.md,仅作素材,P3-素材,1,当前库已含标准题解；旧文档只保留推导、错因和表达素材。
127,,单词接龙,仅当前库,无需迁移,题目/图与广度优先/127-Word-Ladder.md,题目/图与广度优先/127-Word-Ladder.md,当前库已有,P3-素材,2,当前库新增题，旧库没有对应来源。
128,最长连续序列,最长连续序列,重叠,无需迁移,题目/哈希表/128-Longest-Consecutive-Sequence.md,题目/哈希表/128-Longest-Consecutive-Sequence.md,仅作素材,P3-素材,1,当前库已含标准题解；旧文档只保留推导、错因和表达素材。
136,只出现一次的数字,只出现一次的数字,重叠,无需迁移,题目/位运算/136-Single-Number.md,题目/位运算/136-Single-Number.md,仅作素材,P3-素材,1,当前库已含标准题解；旧文档只保留推导、错因和表达素材。
139,单词拆分,单词拆分,重叠,无需迁移,题目/动态规划/139-Word-Break.md,题目/动态规划/139-Word-Break.md,仅作素材,P3-素材,1,当前库已含标准题解；旧文档只保留推导、错因和表达素材。
141,环形链表,,仅旧库,待迁移,,题目/<主题型>/141-<English-Title>.md,改写后迁移,P0-优先重建,1,基础缺口，建议优先按 schema v3 重建。
142,环形链表II,,仅旧库,待迁移,,题目/<主题型>/142-<English-Title>.md,改写后迁移,P0-优先重建,1,基础缺口，建议优先按 schema v3 重建。
146,LRU缓存,LRU 缓存,重叠,无需迁移,题目/设计/146-LRU-Cache.md,题目/设计/146-LRU-Cache.md,仅作素材,P3-素材,1,当前库已含标准题解；旧文档只保留推导、错因和表达素材。
148,排序链表,,仅旧库,待迁移,,题目/<主题型>/148-<English-Title>.md,改写后迁移,P0-优先重建,1,基础缺口，建议优先按 schema v3 重建。
150,逆波兰表达式求值,逆波兰表达式求值,重叠,首批已完成,题目/栈/150-Evaluate-Reverse-Polish-Notation.md,题目/栈/150-Evaluate-Reverse-Polish-Notation.md,已完成融合,P0-已完成,1,2026-10-04 已按 schema v3 从旧库素材重建，并加入当前 66 题主库；旧资料继续作为推导、错因和表达素材。
152,乘积最大子数组,,仅旧库,待迁移,,题目/<主题型>/152-<English-Title>.md,改写后迁移,P0-优先重建,3,基础缺口，建议优先按 schema v3 重建。
155,最小栈,最小栈,重叠,无需迁移,题目/栈/155-Min-Stack.md,题目/栈/155-Min-Stack.md,仅作素材,P3-素材,3,当前库已含标准题解；旧文档只保留推导、错因和表达素材。
160,相交链表,,仅旧库,待迁移,,题目/<主题型>/160-<English-Title>.md,改写后迁移,P0-优先重建,1,基础缺口，建议优先按 schema v3 重建。
169,多数元素,多数元素,重叠,无需迁移,题目/数组与哈希/169-Majority-Element.md,题目/数组与哈希/169-Majority-Element.md,仅作素材,P3-素材,1,当前库已含标准题解；旧文档只保留推导、错因和表达素材。
198,打家劫舍,,仅旧库,待迁移,,题目/<主题型>/198-<English-Title>.md,改写后迁移,P0-优先重建,1,基础缺口，建议优先按 schema v3 重建。
200,岛屿数量,岛屿数量,重叠,无需迁移,题目/图与搜索/200-Number-of-Islands.md,题目/图与搜索/200-Number-of-Islands.md,仅作素材,P3-素材,7,当前库已含标准题解；旧文档只保留推导、错因和表达素材。
206,反转链表,反转链表,重叠,无需迁移,题目/链表/206-Reverse-Linked-List.md,题目/链表/206-Reverse-Linked-List.md,仅作素材,P3-素材,1,当前库已含标准题解；旧文档只保留推导、错因和表达素材。
207,课程表,课程表,重叠,无需迁移,题目/图与搜索/207-Course-Schedule.md,题目/图与搜索/207-Course-Schedule.md,仅作素材,P3-素材,9,当前库已含标准题解；旧文档只保留推导、错因和表达素材。
208,实现Trie(前缀树),,仅旧库,待迁移,,题目/<主题型>/208-<English-Title>.md,改写后迁移,P0-优先重建,1,基础缺口，建议优先按 schema v3 重建。
209,,长度最小的子数组,仅当前库,无需迁移,题目/滑动窗口/209-Minimum-Size-Subarray-Sum.md,题目/滑动窗口/209-Minimum-Size-Subarray-Sum.md,当前库已有,P3-素材,0,当前库新增题，旧库没有对应来源。
215,符合人类逻辑的解题思路,数组中的第K个最大元素,重叠,无需迁移,题目/堆与选择/215-Kth-Largest-Element-in-an-Array.md,题目/堆与选择/215-Kth-Largest-Element-in-an-Array.md,仅作素材,P3-素材,13,当前库已含标准题解；旧文档只保留推导、错因和表达素材。
221,最大正方形,,仅旧库,待迁移,,题目/<主题型>/221-<English-Title>.md,改写后迁移,P0-优先重建,1,基础缺口，建议优先按 schema v3 重建。
224,基本计算器,基本计算器,重叠,首批已完成,题目/栈/224-Basic-Calculator.md,题目/栈/224-Basic-Calculator.md,已完成融合,P0-已完成,1,2026-10-04 已按 schema v3 从旧库素材重建，并加入当前 66 题主库；旧资料继续作为推导、错因和表达素材。
226,翻转二叉树,翻转二叉树,重叠,无需迁移,题目/二叉树/226-Invert-Binary-Tree.md,题目/二叉树/226-Invert-Binary-Tree.md,仅作素材,P3-素材,1,当前库已含标准题解；旧文档只保留推导、错因和表达素材。
232,用栈实现队列,用栈实现队列,重叠,首批已完成,题目/设计/232-Implement-Queue-using-Stacks.md,题目/设计/232-Implement-Queue-using-Stacks.md,已完成融合,P0-已完成,3,2026-10-04 已按 schema v3 从旧库素材重建，并加入当前 66 题主库；旧资料继续作为推导、错因和表达素材。
234,回文链表,,仅旧库,待迁移,,题目/<主题型>/234-<English-Title>.md,改写后迁移,P0-优先重建,2,基础缺口，建议优先按 schema v3 重建。
236,二叉树的最近公共祖先,二叉树的最近公共祖先,重叠,无需迁移,题目/二叉树/236-Lowest-Common-Ancestor-of-a-Binary-Tree.md,题目/二叉树/236-Lowest-Common-Ancestor-of-a-Binary-Tree.md,仅作素材,P3-素材,1,当前库已含标准题解；旧文档只保留推导、错因和表达素材。
238,除自身以外数组的乘积,除了自身以外数组的乘积,重叠,无需迁移,题目/数组与哈希/238-Product-of-Array-Except-Self.md,题目/数组与哈希/238-Product-of-Array-Except-Self.md,仅作素材,P3-素材,1,当前库已含标准题解；旧文档只保留推导、错因和表达素材。
239,滑动窗口最大值,滑动窗口最大值,重叠,无需迁移,题目/单调结构/239-Sliding-Window-Maximum.md,题目/单调结构/239-Sliding-Window-Maximum.md,仅作素材,P3-素材,1,当前库已含标准题解；旧文档只保留推导、错因和表达素材。
240,搜索二维矩阵 II,,仅旧库,待迁移,,题目/<主题型>/240-<English-Title>.md,改写后迁移,P0-优先重建,1,基础缺口，建议优先按 schema v3 重建。
279,完全平方数,,仅旧库,待迁移,,题目/<主题型>/279-<English-Title>.md,改写后迁移,P0-优先重建,1,基础缺口，建议优先按 schema v3 重建。
283,移动零,,仅旧库,待迁移,,题目/<主题型>/283-<English-Title>.md,改写后迁移,P0-优先重建,1,基础缺口，建议优先按 schema v3 重建。
287,寻找重复数,寻找重复数,重叠,无需迁移,题目/数组与哈希/287-Find-the-Duplicate-Number.md,题目/数组与哈希/287-Find-the-Duplicate-Number.md,仅作素材,P3-素材,1,当前库已含标准题解；旧文档只保留推导、错因和表达素材。
297,二叉树的序列化与反序列化,,仅旧库,待迁移,,题目/<主题型>/297-<English-Title>.md,改写后迁移,P0-优先重建,1,基础缺口，建议优先按 schema v3 重建。
300,最长递增子序列,最长递增子序列,重叠,无需迁移,题目/动态规划/300-Longest-Increasing-Subsequence.md,题目/动态规划/300-Longest-Increasing-Subsequence.md,仅作素材,P3-素材,1,当前库已含标准题解；旧文档只保留推导、错因和表达素材。
301,删除无效括号,删除无效的括号,重叠,首批已完成,题目/回溯/301-Remove-Invalid-Parentheses.md,题目/回溯/301-Remove-Invalid-Parentheses.md,已完成融合,P0-已完成,2,2026-10-04 已按 schema v3 从旧库素材重建，并加入当前 66 题主库；旧资料继续作为推导、错因和表达素材。
309,最佳买卖股票时机含冷冻期,,仅旧库,待迁移,,题目/<主题型>/309-<English-Title>.md,改写后迁移,P0-优先重建,1,基础缺口，建议优先按 schema v3 重建。
312,戳气球,,仅旧库,待迁移,,题目/<主题型>/312-<English-Title>.md,改写后迁移,P0-优先重建,1,基础缺口，建议优先按 schema v3 重建。
322,零钱兑换,零钱兑换,重叠,无需迁移,题目/动态规划/322-Coin-Change.md,题目/动态规划/322-Coin-Change.md,仅作素材,P3-素材,1,当前库已含标准题解；旧文档只保留推导、错因和表达素材。
337,打家劫舍III,,仅旧库,待迁移,,题目/<主题型>/337-<English-Title>.md,改写后迁移,P0-优先重建,1,基础缺口，建议优先按 schema v3 重建。
338,比特位计数,,仅旧库,待迁移,,题目/<主题型>/338-<English-Title>.md,改写后迁移,P0-优先重建,1,基础缺口，建议优先按 schema v3 重建。
341,扁平化嵌套列表迭代器,,仅旧库,待迁移,,题目/<主题型>/341-<English-Title>.md,改写后迁移,P0-优先重建,1,基础缺口，建议优先按 schema v3 重建。
347,前K个高频元素,前 K 个高频元素,重叠,无需迁移,题目/堆与选择/347-Top-K-Frequent-Elements.md,题目/堆与选择/347-Top-K-Frequent-Elements.md,仅作素材,P3-素材,1,当前库已含标准题解；旧文档只保留推导、错因和表达素材。
394,字符串解码,字符串解码,重叠,无需迁移,题目/栈/394-Decode-String.md,题目/栈/394-Decode-String.md,仅作素材,P3-素材,5,当前库已含标准题解；旧文档只保留推导、错因和表达素材。
399,除法求值,,仅旧库,待迁移,,题目/<主题型>/399-<English-Title>.md,改写后迁移,P0-优先重建,3,基础缺口，建议优先按 schema v3 重建。
406,根据身高重建队列,,仅旧库,待迁移,,题目/<主题型>/406-<English-Title>.md,改写后迁移,P0-优先重建,1,基础缺口，建议优先按 schema v3 重建。
416,分割等和子集,,仅旧库,待迁移,,题目/<主题型>/416-<English-Title>.md,改写后迁移,P0-优先重建,1,基础缺口，建议优先按 schema v3 重建。
437,路径总和III,,仅旧库,待迁移,,题目/<主题型>/437-<English-Title>.md,改写后迁移,P0-优先重建,1,基础缺口，建议优先按 schema v3 重建。
438,找到字符串中所有字母异位词,,仅旧库,待迁移,,题目/<主题型>/438-<English-Title>.md,改写后迁移,P0-优先重建,1,基础缺口，建议优先按 schema v3 重建。
448,找到所有数组中消失的数字,,仅旧库,待迁移,,题目/<主题型>/448-<English-Title>.md,改写后迁移,P0-优先重建,1,基础缺口，建议优先按 schema v3 重建。
461,汉明距离,,仅旧库,待迁移,,题目/<主题型>/461-<English-Title>.md,改写后迁移,P1-候选重建,1,旧库独有且材料可重建，作为后续候选，暂不进入首批。
494,目标和,,仅旧库,待迁移,,题目/<主题型>/494-<English-Title>.md,改写后迁移,P0-优先重建,5,基础缺口，建议优先按 schema v3 重建。
496,下一个更大元素I,,仅旧库,待迁移,,题目/<主题型>/496-<English-Title>.md,改写后迁移,P0-优先重建,2,基础缺口，建议优先按 schema v3 重建。
538,把二叉搜索树转换为累加树,,仅旧库,待迁移,,题目/<主题型>/538-<English-Title>.md,改写后迁移,P0-优先重建,1,基础缺口，建议优先按 schema v3 重建。
543,二叉树的直径,,仅旧库,待迁移,,题目/<主题型>/543-<English-Title>.md,改写后迁移,P0-优先重建,1,基础缺口，建议优先按 schema v3 重建。
560,和为K的子数组,和为 K 的子数组,重叠,无需迁移,题目/数组与哈希/560-Subarray-Sum-Equals-K.md,题目/数组与哈希/560-Subarray-Sum-Equals-K.md,仅作素材,P3-素材,1,当前库已含标准题解；旧文档只保留推导、错因和表达素材。
581,最短无序连续子数组,,仅旧库,待迁移,,题目/<主题型>/581-<English-Title>.md,改写后迁移,P0-优先重建,1,基础缺口，建议优先按 schema v3 重建。
617,合并二叉树,,仅旧库,待迁移,,题目/<主题型>/617-<English-Title>.md,改写后迁移,P0-优先重建,1,基础缺口，建议优先按 schema v3 重建。
621,任务调度器,,仅旧库,待迁移,,题目/<主题型>/621-<English-Title>.md,改写后迁移,P0-优先重建,2,基础缺口，建议优先按 schema v3 重建。
636,函数的独占时间,,仅旧库,待迁移,,题目/<主题型>/636-<English-Title>.md,改写后迁移,P0-优先重建,1,基础缺口，建议优先按 schema v3 重建。
647,回文子串,,仅旧库,待迁移,,题目/<主题型>/647-<English-Title>.md,改写后迁移,P0-优先重建,3,基础缺口，建议优先按 schema v3 重建。
739,每日温度,每日温度,重叠,无需迁移,题目/单调结构/739-Daily-Temperatures.md,题目/单调结构/739-Daily-Temperatures.md,仅作素材,P3-素材,5,当前库已含标准题解；旧文档只保留推导、错因和表达素材。
1249,移除无效的括号,移除无效的括号,重叠,首批已完成,题目/栈/1249-Minimum-Remove-to-Make-Valid-Parentheses.md,题目/栈/1249-Minimum-Remove-to-Make-Valid-Parentheses.md,已完成融合,P0-已完成,3,2026-10-04 已按 schema v3 从旧库素材重建，并加入当前 66 题主库；旧资料继续作为推导、错因和表达素材。
